Name,Goal,Asist,Total Point,Currently Playing,nation,Source
Lionel Messi,33,18,51,Barcelona,"Santa Fe, Argentina ",http://www.espnfc.co.uk/player/45843/lionel-messi
Neymar,29,18,47,Paris Saint-Germain ,Brazil ,http://www.espnfc.us/player/132948/neymar
Mohamed Salah,34,9,43,Liverpool,Unknown,http://www.espnfc.co.uk/player/173896/mohamed-salah
Harry Kane,38,4,42,Tottenham Hotspur,England ,http://www.espnfc.co.uk/player/142200/harry-kane
Sergio Agüero,31,7,38,Manchester City,"Capital Federal, Argentina ",http://www.espnfc.co.uk/player/44927/sergio-aguero
Edinson Cavani,31,5,36,Paris Saint-Germain ,Uruguay ,http://www.espnfc.us/player/95469/edinson-cavani
Cristiano Ronaldo,29,6,35,Real Madrid,Unknown,http://www.espnfc.co.uk/player/22774/cristiano-ronaldo
Roberto Firmino,22,13,35,Liverpool,Brazil ,http://www.espnfc.co.uk/player/147234/roberto-firmino
Romelu Lukaku,26,8,34,Manchester United,Unknown,http://www.espnfc.co.uk/player/139437/romelu-lukaku
Kevin De Bruyne,11,23,34,Manchester City,Unknown,http://www.espnfc.co.uk/player/134947/kevin-de-bruyne
Luis Suárez,24,9,33,Barcelona,Uruguay ,http://www.espnfc.co.uk/player/125088/luis-suarez
Robert Lewandowski,30,3,33,Bayern Munich,Poland ,http://www.espnfc.co.uk/player/125824/robert-lewandowski
Antoine Griezmann,20,11,31,Atletico Madrid,France ,http://www.espnfc.co.uk/player/140416/antoine-griezmann
Raheem Sterling,23,7,30,Manchester City,England ,http://www.espnfc.co.uk/player/156366/raheem-sterling
Leroy Sané,12,15,27,Manchester City,Unknown,http://www.espnfc.co.uk/player/202641/leroy-sane
Philippe Coutinho,15,11,26,Barcelona,Brazil ,http://www.espnfc.co.uk/player/130372/philippe-coutinho
Florian Thauvin,16,10,26,Marseille,Unknown,http://www.espnfc.co.uk/player/156898/florian-thauvin
Eden Hazard,15,10,25,Chelsea,Belgium ,http://www.espnfc.co.uk/player/101390/eden-hazard
Anthony Martial,12,13,25,Manchester United,Unknown,http://www.espnfc.co.uk/player/181140/anthony-martial
Son Heung-Min,16,9,25,Tottenham Hotspur,Unknown,http://www.espnfc.co.uk/player/149945/son-heung-min
Kylian Mbappé,14,11,25,Paris Saint-Germain ,Unknown,http://www.espnfc.us/player/231388/kylian-mbappe
Radamel Falcao,23,1,24,AS Monaco,"Santa Marta, Colombia ",http://www.espnfc.co.uk/player/87706/radamel-falcao
Dele Alli,9,14,23,Tottenham Hotspur,Unknown,http://www.espnfc.co.uk/player/168787/dele-alli
Jesse Lingard,15,8,23,Manchester United,Unknown,http://www.espnfc.co.uk/player/169136/jesse-lingard
Paulo Dybala,17,5,22,Juventus,Argentina ,http://www.espnfc.co.uk/player/164839/paulo-dybala
Thomas Müller,11,11,22,Bayern Munich,Germany ,http://www.espnfc.co.uk/player/123465/thomas-muller
Gonzalo Higuaín,19,3,22,Juventus,Argentina ,http://www.espnfc.co.uk/player/67310/gonzalo-higuain
Riyad Mahrez,12,9,21,Leicester City,Unknown,http://www.espnfc.co.uk/player/163940/riyad-mahrez
Sadio Mané,14,7,21,Liverpool,Unknown,http://www.espnfc.co.uk/player/169797/sadio-mane
Marcus Rashford,13,7,20,Manchester United,Unknown,http://www.espnfc.co.uk/player/230945/marcus-rashford
Willian,13,7,20,Chelsea,Brazil ,http://www.espnfc.co.uk/player/178487/willian
David Silva,7,12,19,Manchester City,Spain ,http://www.espnfc.co.uk/player/43815/david-silva
Christian Eriksen,11,8,19,Tottenham Hotspur,Denmark ,http://www.espnfc.co.uk/player/144130/christian-eriksen
Ángel Di María,10,9,19,Paris Saint-Germain ,"Rosario, Argentina ",http://www.espnfc.us/player/108223/angel-di-maria
Jamie Vardy,17,1,18,Leicester City,Unknown,http://www.espnfc.co.uk/player/165648/jamie-vardy
Santi Mina,14,4,18,Valencia,Unknown,http://www.espnfc.co.uk/player/181642/santi-mina
Henrikh Mkhitaryan,5,12,17,Manchester United,Unknown,http://www.espnfc.co.uk/player/147625/henrikh-mkhitaryan
Lucas Vázquez,7,10,17,Real Madrid,Unknown,http://www.espnfc.co.uk/player/174967/lucas-vazquez
Álvaro Morata,12,5,17,Chelsea,Unknown,http://www.espnfc.co.uk/player/154446/alvaro-morata
Rodrigo,12,4,16,Valencia,Spain ,http://www.espnfc.co.uk/player/144639/rodrigo
Daniel Parejo,8,8,16,Valencia,Unknown,http://www.espnfc.co.uk/player/121020/daniel-parejo
Marco Asensio,11,5,16,Real Madrid,Unknown,http://www.espnfc.co.uk/player/195821/marco-asensio
Keita Baldé,8,8,16,AS Monaco,Unknown,http://www.espnfc.co.uk/player/184883/keita-balde
Rony Lopes,9,7,16,AS Monaco,Unknown,http://www.espnfc.co.uk/player/176423/rony-lopes
Kevin Gameiro,12,4,16,Atletico Madrid,France ,http://www.espnfc.co.uk/player/101468/kevin-gameiro
Bernardo Silva,6,9,15,Manchester City,Unknown,http://www.espnfc.co.uk/player/199833/bernardo-silva
Karim Benzema,8,7,15,Real Madrid,France ,http://www.espnfc.co.uk/player/46858/karim-benzema
Alexis Sánchez,9,6,15,Manchester United,Chile ,http://www.espnfc.co.uk/player/92055/alexis-sanchez
Gareth Bale,10,5,15,Real Madrid,Wales ,http://www.espnfc.co.uk/player/77653/gareth-bale
Michy Batshuayi,13,2,15,Chelsea,Unknown,http://www.espnfc.co.uk/player/156479/michy-batshuayi
Kingsley Coman,9,6,15,Bayern Munich,Unknown,http://www.espnfc.co.uk/player/184012/kingsley-coman
Joshua Kimmich,4,11,15,Bayern Munich,Unknown,http://www.espnfc.co.uk/player/190161/joshua-kimmich
Olivier Giroud,10,4,14,Chelsea,France ,http://www.espnfc.co.uk/player/88965/olivier-giroud
Alexandre Lacazette,11,3,14,Arsenal,France ,http://www.espnfc.co.uk/player/131752/alexandre-lacazette
Aaron Ramsey,7,7,14,Arsenal,Wales ,http://www.espnfc.co.uk/player/98681/aaron-ramsey
Paul Pogba,3,11,14,Manchester United,Unknown,http://www.espnfc.co.uk/player/138860/paul-pogba
Gabriel Jesus,11,2,13,Manchester City,Unknown,http://www.espnfc.co.uk/player/217289/gabriel-jesus
Isco,7,6,13,Real Madrid,Spain ,http://www.espnfc.co.uk/player/143564/isco
Arjen Robben,5,8,13,Bayern Munich,Netherlands ,http://www.espnfc.co.uk/player/11137/arjen-robben
Valère Germain,9,4,13,Marseille,Unknown,http://www.espnfc.co.uk/player/157901/valere-germain
Dimitri Payet,4,9,13,Marseille,France ,http://www.espnfc.co.uk/player/84877/dimitri-payet
Miralem Pjanic,5,8,13,Juventus,Bosnia and Herzegovina ,http://www.espnfc.co.uk/player/105813/miralem-pjanic
Adrien Rabiot,4,8,12,Paris Saint-Germain ,Unknown,http://www.espnfc.us/player/176203/adrien-rabiot
Marcos Alonso,8,4,12,Chelsea,Spain ,http://www.espnfc.co.uk/player/146127/marcos-alonso
James Rodríguez,4,8,12,Bayern Munich,Colombia ,http://www.espnfc.co.uk/player/82816/james-rodriguez
Simone Zaza,10,2,12,Valencia,Italy ,http://www.espnfc.co.uk/player/132580/simone-zaza
Mesut Özil,5,7,12,Arsenal,Germany ,http://www.espnfc.co.uk/player/84775/mesut-ozil
Corentin Tolisso,6,6,12,Bayern Munich,Unknown,http://www.espnfc.co.uk/player/192060/corentin-tolisso
Gonçalo Guedes,6,6,12,Paris Saint-Germain ,Unknown,http://www.espnfc.us/player/213141/goncalo-guedes
Federico Bernardeschi,5,6,11,Juventus,Unknown,http://www.espnfc.co.uk/player/180956/federico-bernardeschi
Pedro,6,5,11,Chelsea,Spain ,http://www.espnfc.co.uk/player/114032/pedro
Ilkay Gündogan,4,7,11,Manchester City,Germany ,http://www.espnfc.co.uk/player/131424/ilkay-gundogan
Jordi Alba,3,8,11,Barcelona,Spain ,http://www.espnfc.co.uk/player/121021/jordi-alba
Alex Oxlade-Chamberlain,4,7,11,Liverpool,England ,http://www.espnfc.co.uk/player/145392/alex-oxlade-chamberlain
James Milner,3,8,11,Liverpool,England ,http://www.espnfc.co.uk/player/26843/james-milner
Cesc Fàbregas,2,9,11,Chelsea,Spain ,http://www.espnfc.co.uk/player/38886/cesc-fabregas
Ángel Correa,6,5,11,Atletico Madrid,Argentina ,http://www.espnfc.co.uk/player/195681/angel-correa
Dani Alves,4,7,11,Paris Saint-Germain ,Brazil ,http://www.espnfc.us/player/30901/dani-alves
Juan Mata,4,7,11,Manchester United,Spain ,http://www.espnfc.co.uk/player/103025/juan-mata
Morgan Sanson,8,3,11,Marseille,Unknown,http://www.espnfc.co.uk/player/176816/morgan-sanson
Mario Mandzukic,7,3,10,Juventus,Croatia ,http://www.espnfc.co.uk/player/105582/mario-mandzukic
Casemiro,6,4,10,Real Madrid,Brazil ,http://www.espnfc.co.uk/player/173666/casemiro
Thomas Lemar,3,7,10,AS Monaco,Unknown,http://www.espnfc.co.uk/player/190291/thomas-lemar
Clinton Njie,6,4,10,Marseille,Unknown,http://www.espnfc.co.uk/player/180740/clinton-njie
Franck Ribéry,4,6,10,Bayern Munich,France ,http://www.espnfc.co.uk/player/42968/franck-ribery
Paulinho,8,2,10,Barcelona,Brazil ,http://www.espnfc.co.uk/player/139718/paulinho
Yannick Carrasco,4,6,10,Atletico Madrid,Unknown,http://www.espnfc.co.uk/player/174893/yannick-carrasco
Ivan Rakitic,5,5,10,Barcelona,Croatia ,http://www.espnfc.co.uk/player/102251/ivan-rakitic
Julian Draxler,4,5,9,Paris Saint-Germain ,Germany ,http://www.espnfc.us/player/155246/julian-draxler
Toni Kroos,4,5,9,Real Madrid,Germany ,http://www.espnfc.co.uk/player/103173/toni-kroos
Juan Cuadrado,4,5,9,Juventus,Colombia ,http://www.espnfc.co.uk/player/118986/juan-cuadrado
Djibril Sidibé,3,6,9,AS Monaco,Unknown,http://www.espnfc.co.uk/player/30302/djibril-sidibe
Paco Alcácer,6,3,9,Barcelona,Unknown,http://www.espnfc.co.uk/player/150506/paco-alcacer
Sead Kolasinac,4,5,9,Arsenal,Unknown,http://www.espnfc.co.uk/player/170553/sead-kolasinac
Borja Mayoral,7,2,9,Real Madrid,Unknown,http://www.espnfc.co.uk/player/218793/borja-mayoral
Alex Iwobi,4,5,9,Arsenal,Unknown,http://www.espnfc.co.uk/player/175063/alex-iwobi
Lucas Ocampos,7,2,9,Marseille,Argentina ,http://www.espnfc.co.uk/player/159263/lucas-ocampos
Kieran Trippier,0,9,9,Tottenham Hotspur,England ,http://www.espnfc.co.uk/player/143637/kieran-trippier
Alex Sandro,3,6,9,Juventus,Brazil ,http://www.espnfc.co.uk/player/125514/alex-sandro
Denis Suárez,4,5,9,Barcelona,Unknown,http://www.espnfc.co.uk/player/163068/denis-suarez
Shinji Okazaki,7,2,9,Leicester City,Japan ,http://www.espnfc.co.uk/player/117630/shinji-okazaki
Marcelo,3,6,9,Real Madrid,Brazil ,http://www.espnfc.co.uk/player/77641/marcelo
Thomas Meunier,4,4,8,Paris Saint-Germain ,Unknown,http://www.espnfc.us/player/166473/thomas-meunier
Sami Khedira,6,2,8,Juventus,Germany ,http://www.espnfc.co.uk/player/87882/sami-khedira
Douglas Costa,2,6,8,Juventus,Brazil ,http://www.espnfc.co.uk/player/127502/douglas-costa
César Azpilicueta,2,6,8,Chelsea,Spain ,http://www.espnfc.co.uk/player/97770/cesar-azpilicueta
Islam Slimani,6,2,8,Leicester City,Unknown,http://www.espnfc.co.uk/player/173504/islam-slimani
Arturo Vidal,6,2,8,Bayern Munich,Chile ,http://www.espnfc.co.uk/player/102198/arturo-vidal
Fabinho,5,3,8,AS Monaco,Unknown,http://www.espnfc.co.uk/player/176287/fabinho
Marc Albrighton,2,6,8,Leicester City,England ,http://www.espnfc.co.uk/player/132107/marc-albrighton
Diego Costa,5,3,8,Atletico Madrid,Brazil ,http://www.espnfc.co.uk/player/95410/diego-costa
Fernando Torres,6,2,8,Atletico Madrid,Spain ,http://www.espnfc.co.uk/player/24257/fernando-torres
Layvin Kurzawa,5,3,8,Paris Saint-Germain ,France ,http://www.espnfc.us/player/152582/layvin-kurzawa
Kelechi Iheanacho,5,3,8,Manchester City,Nigeria ,http://www.espnfc.co.uk/player/39902/kelechi-iheanacho
Javier Pastore,6,2,8,Paris Saint-Germain ,Argentina ,http://www.espnfc.us/player/102829/javier-pastore
Theo Walcott,6,2,8,Arsenal,England ,http://www.espnfc.co.uk/player/67507/theo-walcott
Emre Can,4,4,8,Liverpool,Germany ,http://www.espnfc.co.uk/player/159142/emre-can
Ben Davies,2,6,8,Tottenham Hotspur,England ,http://www.espnfc.co.uk/player/6327/ben-davies
Sergi Roberto,1,7,8,Barcelona,Spain ,http://www.espnfc.co.uk/player/150225/sergi-roberto
Stevan Jovetic,6,1,7,AS Monaco,Unknown,http://www.espnfc.co.uk/player/119612/stevan-jovetic
Nacho Monreal,5,2,7,Arsenal,Spain ,http://www.espnfc.co.uk/player/85361/nacho-monreal
Kyle Walker,0,7,7,Manchester City,England ,http://www.espnfc.co.uk/player/129358/kyle-walker
Kamil Glik,4,3,7,AS Monaco,Unknown,http://www.espnfc.co.uk/player/144288/kamil-glik
João Moutinho,1,6,7,AS Monaco,Portugal ,http://www.espnfc.co.uk/player/50959/joao-moutinho
Danny Welbeck,5,2,7,Arsenal,England ,http://www.espnfc.co.uk/player/115271/danny-welbeck
Koke,3,4,7,Atletico Madrid,Spain ,http://www.espnfc.co.uk/player/140791/koke
Saúl Ñíguez,4,3,7,Atletico Madrid,Unknown,http://www.espnfc.co.uk/player/172269/saul-niguez
Granit Xhaka,2,5,7,Arsenal,Switzerland ,http://www.espnfc.co.uk/player/149981/granit-xhaka
Harry Maguire,3,4,7,Leicester City,England ,http://www.espnfc.co.uk/player/157073/harry-maguire
Gerard Deulofeu,3,4,7,Barcelona,Unknown,http://www.espnfc.co.uk/player/156615/gerard-deulofeu
Fernando Llorente,5,1,6,Tottenham Hotspur,Spain ,http://www.espnfc.co.uk/player/46912/fernando-llorente
Marouane Fellaini,6,0,6,Manchester United,Belgium ,http://www.espnfc.co.uk/player/84535/marouane-fellaini
Adama Diakhaby,3,3,6,AS Monaco,Unknown,http://www.espnfc.co.uk/player/241658/adama-diakhaby
Nicolás Otamendi,6,0,6,Manchester City,Argentina ,http://www.espnfc.co.uk/player/119289/nicolas-otamendi
Sime Vrsaljko,0,6,6,Atletico Madrid,Unknown,http://www.espnfc.co.uk/player/152412/sime-vrsaljko
Fernandinho,3,3,6,Manchester City,"Londrina, Brazil ",http://www.espnfc.co.uk/player/178486/fernandinho
Jérôme Boateng,2,4,6,Bayern Munich,Germany ,http://www.espnfc.co.uk/player/95290/jerome-boateng
Sergio Busquets,2,4,6,Barcelona,Spain ,http://www.espnfc.co.uk/player/121893/sergio-busquets
Tiemoué Bakayoko,3,3,6,Chelsea,Unknown,http://www.espnfc.co.uk/player/192550/tiemoue-bakayoko
Ashley Young,2,4,6,Manchester United,England ,http://www.espnfc.co.uk/player/31810/ashley-young
Moussa Sissoko,2,4,6,Tottenham Hotspur,France ,http://www.espnfc.co.uk/player/104658/moussa-sissoko
Andreas Pereira,1,5,6,Manchester United,Unknown,http://www.espnfc.co.uk/player/210143/andreas-pereira
Daniel Sturridge,3,3,6,Liverpool,England ,http://www.espnfc.co.uk/player/85291/daniel-sturridge
Luiz Gustavo,5,1,6,Marseille,Brazil ,http://www.espnfc.co.uk/player/113352/luiz-gustavo
Thomas,5,1,6,Atletico Madrid,Ghana ,http://www.espnfc.co.uk/player/189972/thomas
Demarai Gray,4,1,5,Leicester City,Unknown,http://www.espnfc.co.uk/player/194403/demarai-gray
Geoffrey Kondogbia,4,1,5,Valencia,France ,http://www.espnfc.co.uk/player/152270/geoffrey-kondogbia
Carlos Soler,1,4,5,Valencia,Unknown,http://www.espnfc.co.uk/player/235072/carlos-soler
Luka Modric,2,3,5,Real Madrid,Croatia ,http://www.espnfc.co.uk/player/76762/luka-modric
Héctor Bellerín,3,2,5,Arsenal,Unknown,http://www.espnfc.co.uk/player/178978/hector-bellerin
Almamy Touré,0,5,5,AS Monaco,Unknown,http://www.espnfc.co.uk/player/206371/almamy-toure
Mats Hummels,3,2,5,Bayern Munich,Germany ,http://www.espnfc.co.uk/player/84627/mats-hummels
Antonio Rüdiger,3,2,5,Chelsea,Unknown,http://www.espnfc.co.uk/player/169438/antonio-rudiger
Aleix Vidal,2,3,5,Barcelona,Unknown,http://www.espnfc.co.uk/player/143030/aleix-vidal
Guido Carrillo,5,0,5,AS Monaco,Argentina ,http://www.espnfc.co.uk/player/154738/guido-carrillo
Luciano Vietto,4,1,5,Atletico Madrid,Argentina ,http://www.espnfc.co.uk/player/168277/luciano-vietto
Georginio Wijnaldum,2,3,5,Liverpool,Netherlands ,http://www.espnfc.co.uk/player/98342/georginio-wijnaldum
Jack Wilshere,2,3,5,Arsenal,England ,http://www.espnfc.co.uk/player/122089/jack-wilshere
Lucas Moura,2,3,5,Paris Saint-Germain ,Brazil ,http://www.espnfc.us/player/130711/lucas-moura
Rachid Ghezzal,2,3,5,AS Monaco,Unknown,http://www.espnfc.co.uk/player/173214/rachid-ghezzal
Dominic Solanke,3,2,5,Liverpool,Unknown,http://www.espnfc.co.uk/player/194115/dominic-solanke
Marco Verratti,2,3,5,Paris Saint-Germain ,Unknown,http://www.espnfc.us/player/134847/marco-verratti
Erik Lamela,1,4,5,Tottenham Hotspur,Argentina ,http://www.espnfc.co.uk/player/130870/erik-lamela
John Stones,5,0,5,Manchester City,England ,http://www.espnfc.co.uk/player/157974/john-stones
Sergio Ramos,4,1,5,Real Madrid,Spain ,http://www.espnfc.co.uk/player/41579/sergio-ramos
Victor Moses,3,2,5,Chelsea,Nigeria ,http://www.espnfc.co.uk/player/112547/victor-moses
Giovani Lo Celso,2,3,5,Paris Saint-Germain ,Argentina ,http://www.espnfc.us/player/207343/giovani-lo-celso
Marquinhos,2,3,5,Paris Saint-Germain ,Brazil ,http://www.espnfc.us/player/159047/marquinhos
Daniel Carvajal,0,4,4,Real Madrid,Unknown,http://www.espnfc.co.uk/player/168531/daniel-carvajal
Per Mertesacker,3,1,4,Arsenal,"Hannover, Germany ",http://www.espnfc.co.uk/player/34041/per-mertesacker
Andrés Iniesta,1,3,4,Barcelona,Spain ,http://www.espnfc.co.uk/player/17566/andres-iniesta
Wilfred Ndidi,1,3,4,Leicester City,Unknown,http://www.espnfc.co.uk/player/187638/wilfred-ndidi
Nacho,4,0,4,Real Madrid,Spain ,http://www.espnfc.co.uk/player/157710/nacho
Hiroki Sakai,0,4,4,Marseille,Unknown,http://www.espnfc.co.uk/player/157692/hiroki-sakai
Javi Martínez,2,2,4,Bayern Munich,Spain ,http://www.espnfc.co.uk/player/85298/javi-martinez
Kostas Mitroglou,4,0,4,Marseille,Unknown,http://www.espnfc.co.uk/player/108333/kostas-mitroglou
Yuri Berchiche,2,2,4,Paris Saint-Germain ,Spain ,http://www.espnfc.us/player/133768/yuri-berchiche
Jordan Amavi,0,4,4,Marseille,Unknown,http://www.espnfc.co.uk/player/192058/jordan-amavi
Mohamed Elneny,2,2,4,Arsenal,Egypt ,http://www.espnfc.co.uk/player/183896/mohamed-elneny
Gerard Piqué,4,0,4,Barcelona,Spain ,http://www.espnfc.co.uk/player/45931/gerard-pique
Mateo Kovacic,1,3,4,Real Madrid,Unknown,http://www.espnfc.co.uk/player/154595/mateo-kovacic
Danilo,2,2,4,Manchester City,"Campinas, Brazil ",http://www.espnfc.co.uk/player/170369/danilo
Juanfran,0,4,4,Atletico Madrid,Spain ,http://www.espnfc.co.uk/player/53416/juanfran
Christian Fuchs,0,3,3,Leicester City,Austria ,http://www.espnfc.co.uk/player/37323/christian-fuchs
Toni Lato,1,2,3,Valencia,Unknown,http://www.espnfc.co.uk/player/232275/toni-lato
Claudio Marchisio,2,1,3,Juventus,Italy ,http://www.espnfc.co.uk/player/104334/claudio-marchisio
Martin Montoya,0,3,3,Valencia,Spain ,http://www.espnfc.co.uk/player/137425/martin-montoya
Ousmane Dembélé,0,3,3,Barcelona,Unknown,http://www.espnfc.co.uk/player/229744/ousmane-dembele
Alberto Moreno,0,3,3,Liverpool,Unknown,http://www.espnfc.co.uk/player/172998/alberto-moreno
José Gayà,0,3,3,Valencia,Unknown,http://www.espnfc.co.uk/player/178747/jose-gaya
Jorge,1,2,3,AS Monaco,Unknown,http://www.espnfc.co.uk/player/202607/jorge
Trent Alexander-Arnold,2,1,3,Liverpool,Unknown,http://www.espnfc.co.uk/player/223532/trent-alexander-arnold
Vicente Iborra ,1,2,3,Leicester City,Spain ,http://www.espnfc.co.uk/player/125206/vicente-iborra
Eric Dier,1,2,3,Tottenham Hotspur,England ,http://www.espnfc.co.uk/player/155532/eric-dier
Shkodran Mustafi,2,1,3,Arsenal,Germany ,http://www.espnfc.co.uk/player/136862/shkodran-mustafi
David Alaba,1,2,3,Bayern Munich,Austria ,http://www.espnfc.co.uk/player/118444/david-alaba
Antonio Valencia,3,0,3,Manchester United,Ecuador ,http://www.espnfc.co.uk/player/65629/antonio-valencia
José Giménez,2,1,3,Atletico Madrid,Uruguay ,http://www.espnfc.co.uk/player/188398/jose-gimenez
Dani Ceballos ,2,1,3,Real Madrid,Unknown,http://www.espnfc.co.uk/player/202717/dani-ceballos
Lucas Hernández,1,2,3,Atletico Madrid,Unknown,http://www.espnfc.co.uk/player/196200/lucas-hernandez
Filipe Luís,1,2,3,Atletico Madrid,Brazil ,http://www.espnfc.co.uk/player/52994/filipe-luis
Matteo Darmian,0,3,3,Manchester United,Italy ,http://www.espnfc.co.uk/player/91873/matteo-darmian
Adama Traoré,3,0,3,AS Monaco,Mali ,http://www.espnfc.co.uk/player/139087/adama-traore
Youri Tielemans,1,2,3,AS Monaco,Unknown,http://www.espnfc.co.uk/player/193297/youri-tielemans
Daley Blind,1,2,3,Manchester United,Netherlands ,http://www.espnfc.co.uk/player/126489/daley-blind
Davide Zappacosta,2,1,3,Chelsea,Unknown,http://www.espnfc.co.uk/player/182627/davide-zappacosta
Adil Rami,2,1,3,Marseille,France ,http://www.espnfc.co.uk/player/98688/adil-rami
Theo Hernández,0,3,3,Real Madrid,Unknown,http://www.espnfc.co.uk/player/233621/theo-hernandez
Serge Aurier,1,2,3,Tottenham Hotspur,France ,http://www.espnfc.co.uk/player/143576/serge-aurier
Francis Coquelin,1,2,3,Arsenal,France ,http://www.espnfc.co.uk/player/121406/francis-coquelin
Georges-Kévin N'Koudou,1,2,3,Tottenham Hotspur,Unknown,http://www.espnfc.co.uk/player/192055/georges-kevin-nkoudou
Thiago Alcántara,3,0,3,Bayern Munich,Italy ,http://www.espnfc.co.uk/player/135293/thiago-alcantara
Giorgio Chiellini,1,2,3,Juventus,Italy ,http://www.espnfc.co.uk/player/24836/giorgio-chiellini
Daniele Rugani,1,2,3,Juventus,Unknown,http://www.espnfc.co.uk/player/181673/daniele-rugani
Charly Musonda,1,2,3,Chelsea,Unknown,http://www.espnfc.co.uk/player/219780/charly-musonda
Blaise Matuidi,2,1,3,Paris Saint-Germain ,France ,http://www.espnfc.us/player/85010/blaise-matuidi
Maxime Lopez,1,2,3,Marseille,Unknown,http://www.espnfc.co.uk/player/223122/maxime-lopez
José Arnáiz,3,0,3,Barcelona,Unknown,http://www.espnfc.co.uk/player/229522/jose-arnaiz
Toby Alderweireld,1,1,2,Tottenham Hotspur,Belgium ,http://www.espnfc.co.uk/player/111306/toby-alderweireld
Jan Vertonghen,1,1,2,Tottenham Hotspur,Belgium ,http://www.espnfc.co.uk/player/125086/jan-vertonghen
Medhi Benatia,2,0,2,Juventus,Morocco ,http://www.espnfc.co.uk/player/102402/medhi-benatia
Virgil van Dijk,2,0,2,Liverpool,Unknown,http://www.espnfc.co.uk/player/157892/virgil-van-dijk
Divock Origi,1,1,2,Liverpool,Unknown,http://www.espnfc.co.uk/player/182033/divock-origi
Kenedy,1,1,2,Chelsea,Unknown,http://www.espnfc.co.uk/player/195349/kenedy
N'Golo Kanté,1,1,2,Chelsea,Unknown,http://www.espnfc.co.uk/player/173556/ngolo-kante
Achraf Hakimi,1,1,2,Real Madrid,Unknown,http://www.espnfc.co.uk/player/240233/achraf-hakimi
Vincent Janssen,2,0,2,Tottenham Hotspur,Unknown,http://www.espnfc.co.uk/player/188402/vincent-janssen
Lucas Digne,1,1,2,Barcelona,Unknown,http://www.espnfc.co.uk/player/160115/lucas-digne
Rafinha,1,1,2,Barcelona,Unknown,http://www.espnfc.co.uk/player/154814/rafinha
Brahim Diaz,2,0,2,Manchester City,Unknown,http://www.espnfc.co.uk/player/246532/brahim-diaz
Victor Wanyama,1,1,2,Tottenham Hotspur,Unknown,http://www.espnfc.co.uk/player/139703/victor-wanyama
Joe Gomez,0,2,2,Liverpool,Gambia ,http://www.espnfc.co.uk/player/102053/joe-gomez
Jemerson,2,0,2,AS Monaco,Brazil ,http://www.espnfc.co.uk/player/187396/jemerson
Ahmed Musa,1,1,2,Leicester City,Nigeria ,http://www.espnfc.co.uk/player/140658/ahmed-musa
Fabian Delph,1,1,2,Manchester City,England ,http://www.espnfc.co.uk/player/98926/fabian-delph
Ferran Torres,0,2,2,Valencia,Unknown,http://www.espnfc.co.uk/player/265869/ferran-torres
Harry Winks,1,1,2,Tottenham Hotspur,Unknown,http://www.espnfc.co.uk/player/202332/harry-winks
Fousseni Diabate,2,0,2,Leicester City,Unknown,http://www.espnfc.co.uk/player/219463/fousseni-diabate
Niklas Süle,1,1,2,Bayern Munich,Unknown,http://www.espnfc.co.uk/player/186263/niklas-sule
Laurent Koscielny,2,0,2,Arsenal,France ,http://www.espnfc.co.uk/player/88970/laurent-koscielny
Andy King,1,1,2,Leicester City,England ,http://www.espnfc.co.uk/player/111350/andy-king
Franck Evina,2,0,2,Bayern Munich,Unknown,http://www.espnfc.co.uk/player/259129/franck-evina
Adrien Silva,0,2,2,Leicester City,Portugal ,http://www.espnfc.co.uk/player/161607/adrien-silva
Sandro Wagner,2,0,2,Bayern Munich,Germany ,http://www.espnfc.co.uk/player/103491/sandro-wagner
Mathieu Debuchy,1,1,2,Arsenal,France ,http://www.espnfc.co.uk/player/69458/mathieu-debuchy
Kwasi Okyere Wriedt,2,0,2,Bayern Munich,Unknown,http://www.espnfc.co.uk/player/185801/kwasi-okyere-wriedt
Dejan Lovren,1,1,2,Liverpool,Croatia ,http://www.espnfc.co.uk/player/123560/dejan-lovren
Timothy Tillman,0,2,2,Bayern Munich,Unknown,http://www.espnfc.co.uk/player/231192/timothy-tillman
Jordan Henderson,1,1,2,Liverpool,England ,http://www.espnfc.co.uk/player/127262/jordan-henderson
Ander Herrera,1,1,2,Manchester United,Spain ,http://www.espnfc.co.uk/player/131481/ander-herrera
Edward Nketiah,2,0,2,Arsenal,Unknown,http://www.espnfc.co.uk/player/259486/edward-nketiah
Vitolo,2,0,2,Atletico Madrid,Unknown,http://www.espnfc.co.uk/player/150803/vitolo
Marco Hingerl,2,0,2,Bayern Munich,Unknown,http://www.espnfc.co.uk/player/220814/marco-hingerl
David Luiz,2,0,2,Chelsea,Brazil ,http://www.espnfc.co.uk/player/98398/david-luiz
Ben Woodburn,2,0,2,Liverpool,Unknown,http://www.espnfc.co.uk/player/238724/ben-woodburn
Sebastian Rudy,0,2,2,Bayern Munich,Germany ,http://www.espnfc.co.uk/player/108592/sebastian-rudy
Andrew Robertson,0,2,2,Liverpool,Unknown,http://www.espnfc.co.uk/player/104943/andrew-robertson
Ragnar Klavan,1,1,2,Liverpool,Estonia ,http://www.espnfc.co.uk/player/37085/ragnar-klavan
Stephan Lichtsteiner,0,2,2,Juventus,Switzerland ,http://www.espnfc.co.uk/player/33644/stephan-lichtsteiner
Vincent Kompany,1,0,1,Manchester City,Belgium ,http://www.espnfc.co.uk/player/72935/vincent-kompany
Pedro Chirivella,1,0,1,Liverpool,Unknown,http://www.espnfc.co.uk/player/222212/pedro-chirivella
Matty James,0,1,1,Leicester City,England ,http://www.espnfc.co.uk/player/135430/matty-james
Nemanja Matic,0,1,1,Manchester United,Serbia ,http://www.espnfc.co.uk/player/135743/nemanja-matic
Danny Drinkwater,1,0,1,Chelsea,England ,http://www.espnfc.co.uk/player/135376/danny-drinkwater
Patrick Roberts,0,1,1,Manchester City,Unknown,http://www.espnfc.co.uk/player/194118/patrick-roberts
Christopher Nkunku,1,0,1,Paris Saint-Germain ,Unknown,http://www.espnfc.us/player/222176/christopher-nkunku
Kyle Walker-Peters,1,0,1,Tottenham Hotspur,Unknown,http://www.espnfc.co.uk/player/235129/kyle-walker-peters
Diego Godín,1,0,1,Atletico Madrid,Uruguay ,http://www.espnfc.co.uk/player/104564/diego-godin
Scott McTominay,1,0,1,Manchester United,Unknown,http://www.espnfc.co.uk/player/255850/scott-mctominay
Samir Nasri,0,1,1,Manchester City,France ,http://www.espnfc.co.uk/player/43531/samir-nasri
Benjamin Mendy,0,1,1,Manchester City,Unknown,http://www.espnfc.co.uk/player/159318/benjamin-mendy
"																						Michael Strein
																				",1,0,1,Bayern Munich,Unknown,ESPN
Yaya Touré,0,1,1,Manchester City,Côte d'Ivoire ,http://www.espnfc.co.uk/player/69277/yaya-toure
Mattia De Sciglio,1,0,1,Juventus,Italy ,http://www.espnfc.co.uk/player/163166/mattia-de-sciglio
Kaziah Sterling,1,0,1,Tottenham Hotspur,Unknown,http://www.espnfc.co.uk/player/228497/kaziah-sterling
Rob Holding,1,0,1,Arsenal,Unknown,http://www.espnfc.co.uk/player/218188/rob-holding
Andrea Barzagli,0,1,1,Juventus,Italy ,http://www.espnfc.co.uk/player/28426/andrea-barzagli
Juan Moreno,1,0,1,Atletico Madrid,Unknown,http://www.espnfc.co.uk/player/227196/juan-moreno
Lassana Diarra,0,1,1,Paris Saint-Germain ,France ,http://www.espnfc.us/player/67870/lassana-diarra
Jesé,0,1,1,Paris Saint-Germain ,Unknown,http://www.espnfc.us/player/162453/jese
Raphaël Varane,0,1,1,Real Madrid,France ,http://www.espnfc.co.uk/player/153053/raphael-varane
Chris Smalling,1,0,1,Manchester United,England ,http://www.espnfc.co.uk/player/123605/chris-smalling
Moise Kean,0,1,1,Juventus,Italy ,http://www.espnfc.co.uk/player/248633/moise-kean
Gabi,0,1,1,Atletico Madrid,Spain ,http://www.espnfc.co.uk/player/41789/gabi
Reiss Nelson,0,1,1,Arsenal,Unknown,http://www.espnfc.co.uk/player/227794/reiss-nelson
Nicolás Gaitán,1,0,1,Atletico Madrid,Argentina ,http://www.espnfc.co.uk/player/149621/nicolas-gaitan
Marcos Rojo,0,1,1,Manchester United,Argentina ,http://www.espnfc.co.uk/player/129426/marcos-rojo
Joël Matip,1,0,1,Liverpool,Germany ,http://www.espnfc.co.uk/player/134659/joel-matip
Pierre-Emerick Aubameyang,1,0,1,Arsenal,France ,http://www.espnfc.co.uk/player/122260/pierre-emerick-aubameyang
Kwadwo Asamoah,0,1,1,Juventus,Ghana ,http://www.espnfc.co.uk/player/113754/kwadwo-asamoah
Timothy Fosu-Mensah,0,1,1,Manchester United,Unknown,http://www.espnfc.co.uk/player/234380/timothy-fosu-mensah
Eric Bailly,1,0,1,Manchester United,Unknown,http://www.espnfc.co.uk/player/212342/eric-bailly
Marcos Llorente,0,1,1,Real Madrid,Unknown,http://www.espnfc.co.uk/player/206474/marcos-llorente
Kevin N'Doram,0,1,1,AS Monaco,Unknown,http://www.espnfc.co.uk/player/228736/kevin-ndoram
Danny Ings,0,1,1,Liverpool,England ,http://www.espnfc.co.uk/player/141706/danny-ings
Andrea Raggi,1,0,1,AS Monaco,Italy ,http://www.espnfc.co.uk/player/31462/andrea-raggi
Zlatan Ibrahimovic,1,0,1,Manchester United,"Malmo, Sweden ",http://www.espnfc.co.uk/player/11001/zlatan-ibrahimovic
Nemanja Maksimovic,1,0,1,Valencia,Unknown,http://www.espnfc.co.uk/player/219538/nemanja-maksimovic
Nacho Vidal,1,0,1,Valencia,Unknown,http://www.espnfc.co.uk/player/240102/nacho-vidal
Nélson Semedo,0,1,1,Barcelona,Unknown,http://www.espnfc.co.uk/player/222670/nelson-semedo
Thibaut Courtois,0,1,1,Chelsea,Unknown,http://www.espnfc.co.uk/player/134283/thibaut-courtois
Thomas Vermaelen,0,1,1,Barcelona,Belgium ,http://www.espnfc.co.uk/player/40543/thomas-vermaelen
Robert Ibáñez,1,0,1,Valencia,Unknown,http://www.espnfc.co.uk/player/178416/robert-ibanez
Rúben Vezo,1,0,1,Valencia,Unknown,http://www.espnfc.co.uk/player/173401/ruben-vezo
Phil Foden,0,1,1,Manchester City,Unknown,http://www.espnfc.co.uk/player/250787/phil-foden
Nacho Gil,0,1,1,Valencia,Unknown,http://www.espnfc.co.uk/player/231574/nacho-gil
Óscar,1,0,1,Real Madrid,Unknown,http://www.espnfc.co.uk/player/259842/oscar
Sven Ulreich,0,1,1,Bayern Munich,Germany ,http://www.espnfc.co.uk/player/113733/sven-ulreich
Emerson Palmieri,0,1,1,Chelsea,Brazil ,http://www.espnfc.co.uk/player/159051/emerson-palmieri
Gary Cahill,0,1,1,Chelsea,England ,http://www.espnfc.co.uk/player/40509/gary-cahill
Derrick Kohn,0,1,1,Bayern Munich,Unknown,http://www.espnfc.co.uk/player/263202/derrick-kohn
Marko Grujic,1,0,1,Liverpool,Unknown,http://www.espnfc.co.uk/player/219536/marko-grujic
Sheyi Ojo,0,1,1,Liverpool,Unknown,http://www.espnfc.co.uk/player/214790/sheyi-ojo
André Gomes,0,1,1,Barcelona,Unknown,http://www.espnfc.co.uk/player/175108/andre-gomes
Marco Friedl,1,0,1,Bayern Munich,Unknown,http://www.espnfc.co.uk/player/232477/marco-friedl
Thiago Motta,1,0,1,Paris Saint-Germain ,Brazil ,http://www.espnfc.us/player/13849/thiago-motta
Leonardo Ulloa,0,1,1,Leicester City,"Gral. Roca, Argentina ",http://www.espnfc.co.uk/player/67327/leonardo-ulloa
Adam Lallana,0,1,1,Liverpool,England ,http://www.espnfc.co.uk/player/85472/adam-lallana
Claudio Bravo,0,1,1,Manchester City,"Viluco, Chile ",http://www.espnfc.co.uk/player/85373/claudio-bravo
Adrian Fein,0,1,1,Bayern Munich,Unknown,http://www.espnfc.co.uk/player/251638/adrian-fein
Raphael Obermair,1,0,1,Bayern Munich,Unknown,http://www.espnfc.co.uk/player/251639/raphael-obermair
Rémy Cabella,1,0,1,Marseille,France ,http://www.espnfc.co.uk/player/136688/remy-cabella
Bouna Sarr,0,1,1,Marseille,Unknown,http://www.espnfc.co.uk/player/163922/bouna-sarr
Chris Willock,0,0,0,Arsenal,Unknown,http://www.espnfc.co.uk/player/222154/chris-willock
Calum Chambers,0,0,0,Arsenal,Unknown,http://www.espnfc.co.uk/player/176266/calum-chambers
Keylor Navas,0,0,0,Real Madrid,Costa Rica ,http://www.espnfc.co.uk/player/73247/keylor-navas
Ben Sheaf,0,0,0,Arsenal,Unknown,http://www.espnfc.co.uk/player/229106/ben-sheaf
Aymeric Laporte,0,0,0,Manchester City,Unknown,http://www.espnfc.co.uk/player/159317/aymeric-laporte
Luca Zidane,0,0,0,Real Madrid,Unknown,http://www.espnfc.co.uk/player/225561/luca-zidane
Nathaniel Clyne,0,0,0,Liverpool,England ,http://www.espnfc.co.uk/player/127865/nathaniel-clyne
Charlie Gilmour,0,0,0,Arsenal,Unknown,http://www.espnfc.co.uk/player/227783/charlie-gilmour
Vlad Dragomir,0,0,0,Arsenal,Unknown,http://www.espnfc.co.uk/player/266180/vlad-dragomir
Ainsley Maitland-Niles,0,0,0,Arsenal,Unknown,http://www.espnfc.co.uk/player/214402/ainsley-maitland-niles
Joseph Willock,0,0,0,Arsenal,Unknown,http://www.espnfc.co.uk/player/259517/joseph-willock
Demeaco Duhaney,0,0,0,Manchester City,Unknown,http://www.espnfc.co.uk/player/260166/demeaco-duhaney
Jon Flanagan,0,0,0,Liverpool,England ,http://www.espnfc.co.uk/player/22992/jon-flanagan
Tyreke Wilson,0,0,0,Manchester City,Unknown,http://www.espnfc.co.uk/player/260167/tyreke-wilson
"																						Mesut Ozili
																				",0,0,0,Arsenal,Unknown,ESPN
Ben Hamer,0,0,0,Leicester City,England ,http://www.espnfc.co.uk/player/83011/ben-hamer
Eldin Jakupovic,0,0,0,Leicester City,Bosnia and Herzegovina ,http://www.espnfc.co.uk/player/69318/eldin-jakupovic
Kasper Schmeichel,0,0,0,Leicester City,Denmark ,http://www.espnfc.co.uk/player/40200/kasper-schmeichel
Robert Huth,0,0,0,Leicester City,"Berlin, Germany ",http://www.espnfc.co.uk/player/18891/robert-huth
Elliott Moore,0,0,0,Leicester City,Unknown,http://www.espnfc.co.uk/player/243388/elliott-moore
Nampalys Mendy,0,0,0,Leicester City,France ,http://www.espnfc.co.uk/player/148172/nampalys-mendy
Callum Elder,0,0,0,Leicester City,Unknown,http://www.espnfc.co.uk/player/191425/callum-elder
Wes Morgan,0,0,0,Leicester City,England ,http://www.espnfc.co.uk/player/31376/wes-morgan
Ben Chilwell,0,0,0,Leicester City,Unknown,http://www.espnfc.co.uk/player/225426/ben-chilwell
Darnell Johnson,0,0,0,Leicester City,Unknown,http://www.espnfc.co.uk/player/243646/darnell-johnson
Aleksandar Dragovic,0,0,0,Leicester City,Unknown,http://www.espnfc.co.uk/player/142977/aleksandar-dragovic
Eliaquim Mangala,0,0,0,Manchester City,Unknown,http://www.espnfc.co.uk/player/127479/eliaquim-mangala
Ryan Kent,0,0,0,Liverpool,Unknown,http://www.espnfc.co.uk/player/196354/ryan-kent
Danny Simpson,0,0,0,Leicester City,England ,http://www.espnfc.co.uk/player/83177/danny-simpson
Aleksandar Kolarov,0,0,0,Manchester City,Serbia ,http://www.espnfc.co.uk/player/103939/aleksandar-kolarov
Manu,0,0,0,Real Madrid,Unknown,http://www.espnfc.co.uk/player/259839/manu
Tosin Adarabioyo,0,0,0,Manchester City,Unknown,http://www.espnfc.co.uk/player/231198/tosin-adarabioyo
Yacine Adli,0,0,0,Paris Saint-Germain ,Unknown,http://www.espnfc.us/player/265911/yacine-adli
Jasper Cillessen,0,0,0,Barcelona,Netherlands ,http://www.espnfc.co.uk/player/137783/jasper-cillessen
Jason Denayer,0,0,0,Manchester City,Unknown,http://www.espnfc.co.uk/player/182336/jason-denayer
Layton Ndukwu,0,0,0,Leicester City,Unknown,http://www.espnfc.co.uk/player/225547/layton-ndukwu
Daniel Grimshaw,0,0,0,Manchester City,Unknown,http://www.espnfc.co.uk/player/259837/daniel-grimshaw
Daniel Amartey,0,0,0,Leicester City,Unknown,http://www.espnfc.co.uk/player/186047/daniel-amartey
Jokin Ezkieta,0,0,0,Barcelona,Unknown,http://www.espnfc.co.uk/player/209578/jokin-ezkieta
Tom Lawrence,0,0,0,Leicester City,Unknown,http://www.espnfc.co.uk/player/196698/tom-lawrence
Yohan Benalouane,0,0,0,Leicester City,France ,http://www.espnfc.co.uk/player/97498/yohan-benalouane
Marc-André ter Stegen,0,0,0,Barcelona,Germany ,http://www.espnfc.co.uk/player/140740/marc-andre-ter-stegen
Harvey Barnes,0,0,0,Leicester City,Unknown,http://www.espnfc.co.uk/player/243386/harvey-barnes
Josh Knight,0,0,0,Leicester City,Unknown,http://www.espnfc.co.uk/player/137433/josh-knight
George Thomas,0,0,0,Leicester City,Unknown,http://www.espnfc.co.uk/player/195792/george-thomas
Kevin Stewart,0,0,0,Liverpool,Unknown,http://www.espnfc.co.uk/player/153145/kevin-stewart
Lazar Markovic,0,0,0,Liverpool,Unknown,http://www.espnfc.co.uk/player/165218/lazar-markovic
Adrià Ortolá,0,0,0,Barcelona,Unknown,http://www.espnfc.co.uk/player/165665/adria-ortola
Lukas Nmecha,0,0,0,Manchester City,Unknown,http://www.espnfc.co.uk/player/258956/lukas-nmecha
Wilfried Bony,0,0,0,Manchester City,Unknown,http://www.espnfc.co.uk/player/153824/wilfried-bony
Hamza Choudhury,0,0,0,Leicester City,Unknown,http://www.espnfc.co.uk/player/234320/hamza-choudhury
Jan Oblak,0,0,0,Atletico Madrid,Unknown,http://www.espnfc.co.uk/player/149622/jan-oblak
Axel Werner,0,0,0,Atletico Madrid,Argentina ,http://www.espnfc.co.uk/player/176808/axel-werner
Miguel Ángel Moyà,0,0,0,Atletico Madrid,Spain ,http://www.espnfc.co.uk/player/32937/miguel-angel-moya
David Costas,0,0,0,Barcelona,Unknown,http://www.espnfc.co.uk/player/192796/david-costas
Andrés Solano,0,0,0,Atletico Madrid,Unknown,http://www.espnfc.co.uk/player/261185/andres-solano
Rafael Muñoz,0,0,0,Atletico Madrid,Unknown,http://www.espnfc.co.uk/player/255887/rafael-munoz
Jadon Sancho,0,0,0,Manchester City,Unknown,http://www.espnfc.co.uk/player/259836/jadon-sancho
Ovie Ejaria,0,0,0,Liverpool,Unknown,http://www.espnfc.co.uk/player/238723/ovie-ejaria
Yerry Mina,0,0,0,Barcelona,Unknown,http://www.espnfc.co.uk/player/196901/yerry-mina
Oleksandr Zinchenko,0,0,0,Manchester City,Unknown,http://www.espnfc.co.uk/player/217482/oleksandr-zinchenko
Antonio Montoro,0,0,0,Atletico Madrid,Unknown,http://www.espnfc.co.uk/player/267460/antonio-montoro
Lucas,0,0,0,Liverpool,Brazil ,http://www.espnfc.co.uk/player/108315/lucas
Sergio González,0,0,0,Atletico Madrid,Unknown,http://www.espnfc.co.uk/player/229338/sergio-gonzalez
Stefan Savic,0,0,0,Atletico Madrid,Unknown,http://www.espnfc.co.uk/player/150541/stefan-savic
Brandon Austin,0,0,0,Tottenham Hotspur,Unknown,http://www.espnfc.co.uk/player/259942/brandon-austin
Salomón Obama,0,0,0,Atletico Madrid,Unknown,http://www.espnfc.co.uk/player/261184/salomon-obama
Alfie Whiteman,0,0,0,Tottenham Hotspur,Unknown,http://www.espnfc.co.uk/player/228498/alfie-whiteman
Hugo Lloris,0,0,0,Tottenham Hotspur,France ,http://www.espnfc.co.uk/player/43372/hugo-lloris
Pau López,0,0,0,Tottenham Hotspur,Unknown,http://www.espnfc.co.uk/player/203061/pau-lopez
Amath Diedhiou,0,0,0,Atletico Madrid,Unknown,http://www.espnfc.co.uk/player/162264/amath-diedhiou
Michel Vorm,0,0,0,Tottenham Hotspur,Netherlands ,http://www.espnfc.co.uk/player/19705/michel-vorm
Rafael Santos Borré,0,0,0,Atletico Madrid,Unknown,http://www.espnfc.co.uk/player/197052/rafael-santos-borre
Paulo Gazzaniga,0,0,0,Tottenham Hotspur,Unknown,http://www.espnfc.co.uk/player/164469/paulo-gazzaniga
Cameron Carter-Vickers,0,0,0,Tottenham Hotspur,Unknown,http://www.espnfc.co.uk/player/219273/cameron-carter-vickers
Juan Foyth,0,0,0,Tottenham Hotspur,Unknown,http://www.espnfc.co.uk/player/242710/juan-foyth
Alberto Ródenas,0,0,0,Atletico Madrid,Unknown,http://www.espnfc.co.uk/player/267461/alberto-rodenas
Victor Mollejo,0,0,0,Atletico Madrid,Unknown,http://www.espnfc.co.uk/player/261183/victor-mollejo
Giovanni Navarro Sole,0,0,0,Atletico Madrid,Unknown,http://www.espnfc.co.uk/player/270328/giovanni-navarro-sole
Jesús Vallejo,0,0,0,Real Madrid,Unknown,http://www.espnfc.co.uk/player/209592/jesus-vallejo
Lorenzo Callegari,0,0,0,Paris Saint-Germain ,Unknown,http://www.espnfc.us/player/221547/lorenzo-callegari
Jonathan Toko Lema Dinzeyi,0,0,0,Tottenham Hotspur,Unknown,http://www.espnfc.co.uk/player/259944/jonathan-toko-lema-dinzeyi
Jaden Brown,0,0,0,Tottenham Hotspur,Unknown,http://www.espnfc.co.uk/player/227779/jaden-brown
Olabe,0,0,0,Atletico Madrid,Unknown,http://www.espnfc.co.uk/player/250683/olabe
Antonio Moya,0,0,0,Atletico Madrid,Unknown,http://www.espnfc.co.uk/player/252541/antonio-moya
Marc Cucurella,0,0,0,Barcelona,Unknown,http://www.espnfc.co.uk/player/259910/marc-cucurella
Keidi Bare,0,0,0,Atletico Madrid,Unknown,http://www.espnfc.co.uk/player/250676/keidi-bare
Augusto Fernández,0,0,0,Atletico Madrid,"Pergamino, Argentina ",http://www.espnfc.co.uk/player/75887/augusto-fernandez
Matías Kranevitter,0,0,0,Atletico Madrid,Argentina ,http://www.espnfc.co.uk/player/195645/matias-kranevitter
Sebastien Cibois,0,0,0,Paris Saint-Germain ,Unknown,http://www.espnfc.us/player/270869/sebastien-cibois
Neto,0,0,0,Valencia,Brazil ,http://www.espnfc.co.uk/player/138398/neto
C Riveros,0,0,0,Valencia,Unknown,http://www.espnfc.co.uk/player/76884/c-riveros
Jaume,0,0,0,Valencia,Unknown,http://www.espnfc.co.uk/player/173750/jaume
Javier Jiménez García,0,0,0,Valencia,Unknown,http://www.espnfc.co.uk/player/251139/javier-jimenez-garcia
Ezequiel Garay,0,0,0,Valencia,"Rosario, Argentina ",http://www.espnfc.co.uk/player/68141/ezequiel-garay
Kevin Wimmer,0,0,0,Tottenham Hotspur,Unknown,http://www.espnfc.co.uk/player/174526/kevin-wimmer
Luis Quezada,0,0,0,Real Madrid,Unknown,http://www.espnfc.co.uk/player/259843/luis-quezada
Aymen Abdennour,0,0,0,Valencia,Tunisia ,http://www.espnfc.co.uk/player/135390/aymen-abdennour
João Cancelo,0,0,0,Valencia,Portugal ,http://www.espnfc.co.uk/player/176399/joao-cancelo
Jeison Murillo,0,0,0,Valencia,Colombia ,http://www.espnfc.co.uk/player/176757/jeison-murillo
Gabriel Paulista,0,0,0,Valencia,Unknown,http://www.espnfc.co.uk/player/192226/gabriel-paulista
Fabián Orellana,0,0,0,Valencia,Chile ,http://www.espnfc.co.uk/player/70076/fabian-orellana
Mousa Dembélé,0,0,0,Tottenham Hotspur,Belgium ,http://www.espnfc.co.uk/player/67490/mousa-dembele
Samuel Umtiti,0,0,0,Barcelona,Unknown,http://www.espnfc.co.uk/player/150051/samuel-umtiti
Douglas ,0,0,0,Barcelona,Brazil ,http://www.espnfc.co.uk/player/130673/douglas
Nando García,0,0,0,Valencia,Unknown,http://www.espnfc.co.uk/player/222574/nando-garcia
Álvaro Tejero,0,0,0,Real Madrid,Unknown,http://www.espnfc.co.uk/player/231405/alvaro-tejero
Alphonse Aréola,0,0,0,Paris Saint-Germain ,France ,http://www.espnfc.us/player/148987/alphonse-areola
Ayotomiwa Dele-Bashiru,0,0,0,Manchester City,Unknown,http://www.espnfc.co.uk/player/261422/ayotomiwa-dele-bashiru
Antoine Bernede,0,0,0,Paris Saint-Germain ,Unknown,http://www.espnfc.us/player/259820/antoine-bernede
Álvaro Medrán,0,0,0,Valencia,Unknown,http://www.espnfc.co.uk/player/200986/alvaro-medran
Anthony Georgiou,0,0,0,Tottenham Hotspur,Unknown,http://www.espnfc.co.uk/player/259941/anthony-georgiou
William Miller,0,0,0,Tottenham Hotspur,Unknown,http://www.espnfc.co.uk/player/81420/william-miller
Eugeni Valderrama Doménech,0,0,0,Valencia,Unknown,http://www.espnfc.co.uk/player/172979/eugeni-valderrama-domenech
Tashan Oakley-Boothe,0,0,0,Tottenham Hotspur,Unknown,http://www.espnfc.co.uk/player/259943/tashan-oakley-boothe
Fernando,0,0,0,Manchester City,Brazil ,http://www.espnfc.co.uk/player/124066/fernando
Alec Georgen,0,0,0,Paris Saint-Germain ,Unknown,http://www.espnfc.us/player/221548/alec-georgen
Danny Rose,0,0,0,Tottenham Hotspur,England ,http://www.espnfc.co.uk/player/104991/danny-rose
Christian Früchtl,0,0,0,Bayern Munich,Unknown,http://www.espnfc.co.uk/player/259054/christian-fruchtl
Leo Weinkauf,0,0,0,Bayern Munich,Unknown,http://www.espnfc.co.uk/player/255896/leo-weinkauf
Manuel Neuer,0,0,0,Bayern Munich,Germany ,http://www.espnfc.co.uk/player/84774/manuel-neuer
Joel Pereira,0,0,0,Manchester United,Unknown,http://www.espnfc.co.uk/player/228638/joel-pereira
Tom Starke,0,0,0,Bayern Munich,Germany ,http://www.espnfc.co.uk/player/10658/tom-starke
Ron-Thorben Hoffmann,0,0,0,Bayern Munich,Unknown,http://www.espnfc.co.uk/player/259128/ron-thorben-hoffmann
Felix Götze,0,0,0,Bayern Munich,Unknown,http://www.espnfc.co.uk/player/245940/felix-gotze
Luke Amos,0,0,0,Tottenham Hotspur,Unknown,http://www.espnfc.co.uk/player/240099/luke-amos
Marcus Edwards,0,0,0,Tottenham Hotspur,Unknown,http://www.espnfc.co.uk/player/225552/marcus-edwards
Niklas Tarnat,0,0,0,Bayern Munich,Unknown,http://www.espnfc.co.uk/player/259127/niklas-tarnat
Lukas Mai,0,0,0,Bayern Munich,Unknown,http://www.espnfc.co.uk/player/259126/lukas-mai
Resul Türkkalesi,0,0,0,Bayern Munich,Unknown,http://www.espnfc.co.uk/player/259125/resul-turkkalesi
Alexander Nitzl,0,0,0,Bayern Munich,Unknown,http://www.espnfc.co.uk/player/263204/alexander-nitzl
Theo Rieg,0,0,0,Bayern Munich,Unknown,http://www.espnfc.co.uk/player/263205/theo-rieg
Filip Lesniak,0,0,0,Tottenham Hotspur,Unknown,http://www.espnfc.co.uk/player/194960/filip-lesniak
Josh Onomah,0,0,0,Tottenham Hotspur,Unknown,http://www.espnfc.co.uk/player/194111/josh-onomah
Davinson Sánchez,0,0,0,Tottenham Hotspur,Unknown,http://www.espnfc.co.uk/player/197105/davinson-sanchez
Sergio Romero,0,0,0,Manchester United,Argentina ,http://www.espnfc.co.uk/player/125298/sergio-romero
David de Gea,0,0,0,Manchester United,Spain ,http://www.espnfc.co.uk/player/108482/david-de-gea
Manuel Wintzheimer,0,0,0,Bayern Munich,Unknown,http://www.espnfc.co.uk/player/231174/manuel-wintzheimer
Milos Pantovic,0,0,0,Bayern Munich,Unknown,http://www.espnfc.co.uk/player/228628/milos-pantovic
Mario Crnicki,0,0,0,Bayern Munich,Unknown,http://www.espnfc.co.uk/player/240267/mario-crnicki
Niklas Dorsch,0,0,0,Bayern Munich,Unknown,http://www.espnfc.co.uk/player/225567/niklas-dorsch
Presnel Kimpembe,0,0,0,Paris Saint-Germain ,Unknown,http://www.espnfc.us/player/207015/presnel-kimpembe
Phil Jones,0,0,0,Manchester United,England ,http://www.espnfc.co.uk/player/140032/phil-jones
Rémy Descamps,0,0,0,Paris Saint-Germain ,France ,http://www.espnfc.us/player/222175/remy-descamps
Eduardo,0,0,0,Chelsea,Unknown,http://www.espnfc.co.uk/player/124183/eduardo
Fabian Benko,0,0,0,Bayern Munich,Unknown,http://www.espnfc.co.uk/player/222697/fabian-benko
Willy Caballero,0,0,0,Chelsea,"Entre Riós, Argentina ",http://www.espnfc.co.uk/player/34949/willy-caballero
Marcin Bulka,0,0,0,Chelsea,Unknown,http://www.espnfc.co.uk/player/260035/marcin-bulka
Munir El Haddadi,0,0,0,Barcelona,Unknown,http://www.espnfc.co.uk/player/193782/munir-el-haddadi
Axel Tuanzebe,0,0,0,Manchester United,Unknown,http://www.espnfc.co.uk/player/229524/axel-tuanzebe
Stanley N'Soki,0,0,0,Paris Saint-Germain ,Unknown,http://www.espnfc.us/player/268808/stanley-nsoki
Juan Bernat,0,0,0,Bayern Munich,Unknown,http://www.espnfc.co.uk/player/164194/juan-bernat
Dujon Sterling,0,0,0,Chelsea,Unknown,http://www.espnfc.co.uk/player/231170/dujon-sterling
Trevor Chalobah,0,0,0,Chelsea,Unknown,http://www.espnfc.co.uk/player/227784/trevor-chalobah
Marin Pudic,0,0,0,Bayern Munich,Unknown,http://www.espnfc.co.uk/player/263206/marin-pudic
Fikayo Tomori,0,0,0,Chelsea,Unknown,http://www.espnfc.co.uk/player/236210/fikayo-tomori
Tomas Kalas,0,0,0,Chelsea,Unknown,http://www.espnfc.co.uk/player/164919/tomas-kalas
Luke Shaw,0,0,0,Manchester United,Unknown,http://www.espnfc.co.uk/player/167127/luke-shaw
Maximilian Franzke,0,0,0,Bayern Munich,Unknown,http://www.espnfc.co.uk/player/263203/maximilian-franzke
Carles Aleñá,0,0,0,Barcelona,Unknown,http://www.espnfc.co.uk/player/233802/carles-alena
Renato Sanches,0,0,0,Bayern Munich,Unknown,http://www.espnfc.co.uk/player/227217/renato-sanches
Andreas Christensen,0,0,0,Chelsea,Unknown,http://www.espnfc.co.uk/player/186430/andreas-christensen
Cristian Cuevas,0,0,0,Chelsea,Argentina ,http://www.espnfc.co.uk/player/101277/cristian-cuevas
Dani Gómez,0,0,0,Real Madrid,Unknown,http://www.espnfc.co.uk/player/259841/dani-gomez
Jake Clark-Salter,0,0,0,Chelsea,Unknown,http://www.espnfc.co.uk/player/219781/jake-clark-salter
Mattia Del Favero,0,0,0,Juventus,Unknown,http://www.espnfc.co.uk/player/219687/mattia-del-favero
Leonardo Loria,0,0,0,Juventus,Unknown,http://www.espnfc.co.uk/player/239917/leonardo-loria
Gianluigi Buffon,0,0,0,Juventus,"Carrara, Italy ",http://www.espnfc.co.uk/player/12947/gianluigi-buffon
Nicola Leali,0,0,0,Juventus,Italy ,http://www.espnfc.co.uk/player/151649/nicola-leali
Carlo Pinsoglio,0,0,0,Juventus,Italy ,http://www.espnfc.co.uk/player/121036/carlo-pinsoglio
Wojciech Szczesny,0,0,0,Juventus,Poland ,http://www.espnfc.co.uk/player/131634/wojciech-szczesny
Javier Mascherano,0,0,0,Barcelona,Argentina ,http://www.espnfc.co.uk/player/40380/javier-mascherano
Kyle Scott,0,0,0,Chelsea,Unknown,http://www.espnfc.co.uk/player/152649/kyle-scott
Cristo González,0,0,0,Real Madrid,Unknown,http://www.espnfc.co.uk/player/209735/cristo-gonzalez
Luca Coccolo,0,0,0,Juventus,Unknown,http://www.espnfc.co.uk/player/239919/luca-coccolo
Ethan Hamilton,0,0,0,Manchester United,Unknown,http://www.espnfc.co.uk/player/271166/ethan-hamilton
Benedikt Höwedes,0,0,0,Juventus,Germany ,http://www.espnfc.co.uk/player/97473/benedikt-howedes
Odsonne Edouard,0,0,0,Paris Saint-Germain ,Unknown,http://www.espnfc.us/player/222180/odsonne-edouard
Filippo Romagna,0,0,0,Juventus,Unknown,http://www.espnfc.co.uk/player/202335/filippo-romagna
Loïc Rémy,0,0,0,Chelsea,France ,http://www.espnfc.co.uk/player/84886/loic-remy
Joel Untersee,0,0,0,Juventus,Unknown,http://www.espnfc.co.uk/player/190619/joel-untersee
Marlon,0,0,0,Barcelona,Unknown,http://www.espnfc.co.uk/player/200651/marlon
Oriol Busquets,0,0,0,Barcelona,Unknown,http://www.espnfc.co.uk/player/259911/oriol-busquets
Valerio Rosseti,0,0,0,Juventus,Unknown,http://www.espnfc.co.uk/player/180880/valerio-rosseti
Kevin Trapp,0,0,0,Paris Saint-Germain ,Unknown,http://www.espnfc.us/player/122280/kevin-trapp
Thiago Silva,0,0,0,Paris Saint-Germain ,Brazil ,http://www.espnfc.us/player/96254/thiago-silva
Mario Pasalic,0,0,0,Chelsea,Unknown,http://www.espnfc.co.uk/player/189668/mario-pasalic
Tim Weah,0,0,0,Paris Saint-Germain ,Unknown,http://www.espnfc.us/player/266027/tim-weah
Kevin Rimane,0,0,0,Paris Saint-Germain ,Unknown,http://www.espnfc.us/player/164105/kevin-rimane
Stefano Sturaro,0,0,0,Juventus,Unknown,http://www.espnfc.co.uk/player/155014/stefano-sturaro
Marko Pjaca,0,0,0,Juventus,Croatia ,http://www.espnfc.co.uk/player/187956/marko-pjaca
Tomás Rincón,0,0,0,Juventus,Venezuela ,http://www.espnfc.co.uk/player/131245/tomas-rincon
Lewis Baker,0,0,0,Chelsea,Unknown,http://www.espnfc.co.uk/player/40192/lewis-baker
Fabrizio Caligara,0,0,0,Juventus,Unknown,http://www.espnfc.co.uk/player/259938/fabrizio-caligara
Leonardo Merio,0,0,0,Juventus,Unknown,http://www.espnfc.co.uk/player/264766/leonardo-merio
Rodrigo Bentancur,0,0,0,Juventus,Uruguay ,http://www.espnfc.co.uk/player/215772/rodrigo-bentancur
Jeremie Boga,0,0,0,Chelsea,Unknown,http://www.espnfc.co.uk/player/206153/jeremie-boga
Mario Lemina,0,0,0,Juventus,Unknown,http://www.espnfc.co.uk/player/181729/mario-lemina
Rolando Mandragora,0,0,0,Juventus,Unknown,http://www.espnfc.co.uk/player/210392/rolando-mandragora
Ferdinando Del Sole,0,0,0,Juventus,Unknown,http://www.espnfc.co.uk/player/241731/ferdinando-del-sole
Kiko Casilla,0,0,0,Real Madrid,Spain ,http://www.espnfc.co.uk/player/87703/kiko-casilla
Simone Muratore,0,0,0,Juventus,Unknown,http://www.espnfc.co.uk/player/252084/simone-muratore
Ethan Ampadu,0,0,0,Chelsea,Unknown,http://www.espnfc.co.uk/player/241317/ethan-ampadu
Ross Barkley,0,0,0,Chelsea,England ,http://www.espnfc.co.uk/player/152469/ross-barkley
Diego Benaglio,0,0,0,AS Monaco,Unknown,http://www.espnfc.co.uk/player/114898/diego-benaglio
Loic Badiashile,0,0,0,AS Monaco,Unknown,http://www.espnfc.co.uk/player/227310/loic-badiashile
Danijel Subasic,0,0,0,AS Monaco,Croatia ,http://www.espnfc.co.uk/player/127704/danijel-subasic
Seydou Sy,0,0,0,AS Monaco,Unknown,http://www.espnfc.co.uk/player/206759/seydou-sy
Julien Serrano,0,0,0,AS Monaco,Unknown,http://www.espnfc.co.uk/player/260224/julien-serrano
Angel Gomes,0,0,0,Manchester United,Unknown,http://www.espnfc.co.uk/player/256773/angel-gomes
Moha Ramos,0,0,0,Real Madrid,Unknown,http://www.espnfc.co.uk/player/266946/moha-ramos
Demetri Mitchell,0,0,0,Manchester United,Unknown,http://www.espnfc.co.uk/player/194113/demetri-mitchell
Terence Kongolo,0,0,0,AS Monaco,Netherlands ,http://www.espnfc.co.uk/player/159244/terence-kongolo
Callum Hudson-Odoi,0,0,0,Chelsea,Unknown,http://www.espnfc.co.uk/player/261419/callum-hudson-odoi
Pierre-Daniel Nguinda,0,0,0,AS Monaco,Unknown,http://www.espnfc.co.uk/player/241666/pierre-daniel-nguinda
Arda Turan,0,0,0,Barcelona,Turkey ,http://www.espnfc.co.uk/player/86565/arda-turan
Matt Macey,0,0,0,Arsenal,Unknown,http://www.espnfc.co.uk/player/214199/matt-macey
Deyan Iliev,0,0,0,Arsenal,Unknown,http://www.espnfc.co.uk/player/214454/deyan-iliev
Pietro Pellegri,0,0,0,AS Monaco,Unknown,http://www.espnfc.co.uk/player/251141/pietro-pellegri
Petr Cech,0,0,0,Arsenal,Czech Republic ,http://www.espnfc.co.uk/player/13069/petr-cech
David Ospina,0,0,0,Arsenal,Colombia ,http://www.espnfc.co.uk/player/121842/david-ospina
Emiliano Martinez,0,0,0,Arsenal,Unknown,http://www.espnfc.co.uk/player/158626/emiliano-martinez
Jordi Mboula,0,0,0,AS Monaco,Unknown,http://www.espnfc.co.uk/player/259021/jordi-mboula
Konstantinos Mavropanos,0,0,0,Arsenal,Unknown,http://www.espnfc.co.uk/player/242705/konstantinos-mavropanos
Michael Carrick,0,0,0,Manchester United,England ,http://www.espnfc.co.uk/player/7971/michael-carrick
Jordi Osei-Tutu,0,0,0,Arsenal,Unknown,http://www.espnfc.co.uk/player/267300/jordi-osei-tutu
Sergi Samper,0,0,0,Barcelona,Unknown,http://www.espnfc.co.uk/player/185223/sergi-samper
Romain Faivre,0,0,0,AS Monaco,Unknown,http://www.espnfc.co.uk/player/268591/romain-faivre
Moussa Sylla,0,0,0,AS Monaco,Unknown,http://www.espnfc.co.uk/player/40791/moussa-sylla
Victor Lindelöf,0,0,0,Manchester United,Unknown,http://www.espnfc.co.uk/player/204679/victor-lindelof
Gabriel Boschilia,0,0,0,AS Monaco,Brazil ,http://www.espnfc.co.uk/player/194924/gabriel-boschilia
Franchu,0,0,0,Real Madrid,Unknown,http://www.espnfc.co.uk/player/259840/franchu
Cohen Bramall,0,0,0,Arsenal,Unknown,http://www.espnfc.co.uk/player/259479/cohen-bramall
Gil Dias,0,0,0,AS Monaco,Unknown,http://www.espnfc.co.uk/player/229573/gil-dias
Arijanet Muric,0,0,0,Manchester City,Unknown,http://www.espnfc.co.uk/player/259838/arijanet-muric
Allan Saint-Maximin,0,0,0,AS Monaco,Unknown,http://www.espnfc.co.uk/player/193281/allan-saint-maximin
Souahilo Meité,0,0,0,AS Monaco,Unknown,http://www.espnfc.co.uk/player/164167/souahilo-meite
Ederson,0,0,0,Manchester City,Unknown,http://www.espnfc.co.uk/player/176948/ederson
Florian Escales,0,0,0,Marseille,Unknown,http://www.espnfc.co.uk/player/227304/florian-escales
Steve Mandanda,0,0,0,Marseille,France ,http://www.espnfc.co.uk/player/89018/steve-mandanda
Yohann Pele,0,0,0,Marseille,Unknown,http://www.espnfc.co.uk/player/85055/yohann-pele
Rubén Yáñez,0,0,0,Real Madrid,Spain ,http://www.espnfc.co.uk/player/192718/ruben-yanez
Christopher Rocchia,0,0,0,Marseille,Unknown,http://www.espnfc.co.uk/player/268799/christopher-rocchia
Tomas Hubocan,0,0,0,Marseille,Slovakia ,http://www.espnfc.co.uk/player/112935/tomas-hubocan
Patrice Evra,0,0,0,Marseille,France ,http://www.espnfc.co.uk/player/21931/patrice-evra
Krystian Bielik,0,0,0,Arsenal,Poland ,http://www.espnfc.co.uk/player/212257/krystian-bielik
Henri Bedimo,0,0,0,Marseille,Unknown,http://www.espnfc.co.uk/player/121990/henri-bedimo
Boubacar Kamara,0,0,0,Marseille,Unknown,http://www.espnfc.co.uk/player/250936/boubacar-kamara
Doria,0,0,0,Marseille,Brazil ,http://www.espnfc.co.uk/player/173630/doria
Rolando,0,0,0,Marseille,Cape Verde Islands ,http://www.espnfc.co.uk/player/124065/rolando
Danny Ward,0,0,0,Liverpool,Unknown,http://www.espnfc.co.uk/player/17861/danny-ward
Loris Karius,0,0,0,Liverpool,Unknown,http://www.espnfc.co.uk/player/165764/loris-karius
Kamil Grabara,0,0,0,Liverpool,Unknown,http://www.espnfc.co.uk/player/259474/kamil-grabara
Yusuf Sari,0,0,0,Marseille,Unknown,http://www.espnfc.co.uk/player/262947/yusuf-sari
Donyell Malen,0,0,0,Arsenal,Unknown,http://www.espnfc.co.uk/player/259481/donyell-malen
Simon Mignolet,0,0,0,Liverpool,Belgium ,http://www.espnfc.co.uk/player/99829/simon-mignolet
Connor Randall,0,0,0,Liverpool,Unknown,http://www.espnfc.co.uk/player/215479/connor-randall
Jeff Reine-Adelaide,0,0,0,Arsenal,France ,http://www.espnfc.co.uk/player/218627/jeff-reine-adelaide
Chuba Akpom,0,0,0,Arsenal,Unknown,http://www.espnfc.co.uk/player/181092/chuba-akpom
Joel Latibeaudiere,0,0,0,Manchester City,Unknown,http://www.espnfc.co.uk/player/260168/joel-latibeaudiere
Josh Da Silva,0,0,0,Arsenal,Unknown,http://www.espnfc.co.uk/player/246309/josh-da-silva
André Zambo Anguissa,0,0,0,Marseille,Unknown,http://www.espnfc.co.uk/player/215721/andre-zambo-anguissa
Gregory Sertic,0,0,0,Marseille,Unknown,http://www.espnfc.co.uk/player/127360/gregory-sertic
Jaime Seoane,0,0,0,Real Madrid,Unknown,http://www.espnfc.co.uk/player/268555/jaime-seoane
Marcus McGuane,0,0,0,Arsenal,Unknown,http://www.espnfc.co.uk/player/231169/marcus-mcguane
